Workbook

Sheet بررسی خبر
A2: شناسه خبر | B2: تاریخ انتشار | C2: ساعت انتشار | D2: منبع | E2: تیتر خبر | F2: اطمینان از وقوع خبر | G2: چقدر بر تغییر قیمت طلا اثر دارد؟ | H2: چقدربا امنیت مرتبط است ؟ | I2: جهت طلا | J2: وضعیت اطلاع رسانی | K2: توضیحات
A3: 1 | B3: ۲۳ اسفند | C3: 0.93680556 | D3: خبر فوری | E3: گزارش گاردین از افزایش هزینه‌های جنگ برای آمریکا | F3: متوسط | G3: زیاد | H3: متوسط | I3: ↑ | J3: {=_xlfn.LET( _xlpm.mapL, منابع!$H$11:$H$15, _xlpm.mapN, منابع!$I$11:$I$15, _xlpm.C, _xlfn.XLOOKUP(F3,_xlpm.mapL,_xlpm.mapN,""), _xlpm.G, _xlfn.XLOOKUP(G3,_xlpm.mapL,_xlpm.mapN,""), _xlpm.S, _xlfn.XLOOKUP(H3,_xlpm.mapL,_xlpm.mapN,""), _xlpm.M, MAX(_xlpm.G,_xlpm.S), IF(_xlpm.C="","", IF(_xlpm.C<=2,"اطلاع‌رسانی نشود", IF(AND(_xlpm.C=3,_xlpm.M=5),"اطلاع‌رسانی شود", IF(AND(_xlpm.C>=4,_xlpm.M>=4),"اطلاع‌رسانی شود", IF(AND(_xlpm.C=5,_xlpm.G<=3,_xlpm.S<=3),"اطلاع‌رسانی نشود", "اطلاع‌رسانی نشود"))))))} -> اطلاع‌رسانی نشود | K3: گاردین نوشت ایران با هدف قرار دادن کشتیرانی در تنگه هرمز و فشار بر کشورهای خلیج فارس تلاش کرده هزینه‌های جنگ برای آمریکا را افزایش دهد و شکاف‌های منطقه‌ای ایجاد کند.
A4: 2 | B4: ۲۳ اسفند | C4: 0.94166667 | D4: خبر فوری | E4: ادعای ترامپ درباره تشکیل ائتلاف دریایی برای باز نگه داشتن هرمز | F4: متوسط | G4: متوسط | H4: زیاد | I4: ↑ | J4: {=_xlfn.LET( _xlpm.mapL, منابع!$H$11:$H$15, _xlpm.mapN, منابع!$I$11:$I$15, _xlpm.C, _xlfn.XLOOKUP(F4,_xlpm.mapL,_xlpm.mapN,""), _xlpm.G, _xlfn.XLOOKUP(G4,_xlpm.mapL,_xlpm.mapN,""), _xlpm.S, _xlfn.XLOOKUP(H4,_xlpm.mapL,_xlpm.mapN,""), _xlpm.M, MAX(_xlpm.G,_xlpm.S), IF(_xlpm.C="","", IF(_xlpm.C<=2,"اطلاع‌رسانی نشود", IF(AND(_xlpm.C=3,_xlpm.M=5),"اطلاع‌رسانی شود", IF(AND(_xlpm.C>=4,_xlpm.M>=4),"اطلاع‌رسانی شود", IF(AND(_xlpm.C=5,_xlpm.G<=3,_xlpm.S<=3),"اطلاع‌رسانی نشود", "اطلاع‌رسانی نشود"))))))} -> اطلاع‌رسانی نشود | K4: دونالد ترامپ مدعی شد کشورهای مختلف با هماهنگی آمریکا کشتی‌های جنگی خود را برای باز نگه داشتن تنگه هرمز اعزام خواهند کرد و واشنگتن به حملات علیه قایق‌ها و توانایی‌های دریایی ایران ادامه می‌دهد.
A5: 3 | B5: ۲۳ اسفند | C5: 0.93958333 | D5: دنیای اقتصاد | E5: هشدار درباره بحران اقتصادی در کشورهای عربی به‌دلیل جنگ | F5: زیاد | G5: زیاد | H5: متوسط | I5: ↑ | J5: {=_xlfn.LET( _xlpm.mapL, منابع!$H$11:$H$15, _xlpm.mapN, منابع!$I$11:$I$15, _xlpm.C, _xlfn.XLOOKUP(F5,_xlpm.mapL,_xlpm.mapN,""), _xlpm.G, _xlfn.XLOOKUP(G5,_xlpm.mapL,_xlpm.mapN,""), _xlpm.S, _xlfn.XLOOKUP(H5,_xlpm.mapL,_xlpm.mapN,""), _xlpm.M, MAX(_xlpm.G,_xlpm.S), IF(_xlpm.C="","", IF(_xlpm.C<=2,"اطلاع‌رسانی نشود", IF(AND(_xlpm.C=3,_xlpm.M=5),"اطلاع‌رسانی شود", IF(AND(_xlpm.C>=4,_xlpm.M>=4),"اطلاع‌رسانی شود", IF(AND(_xlpm.C=5,_xlpm.G<=3,_xlpm.S<=3),"اطلاع‌رسانی نشود", "اطلاع‌رسانی نشود"))))))} -> اطلاع‌رسانی شود | K5: یک کارشناس اقتصادی گفت با وجود عدم حضور مستقیم در جنگ، کشورهای عربی به‌دلیل وابستگی اقتصادی و امنیتی به آمریکا با پیامدهای اقتصادی شدید، کمبود برخی کالاها و احتمال فرار سرمایه از منطقه مواجه شده‌اند.
A6: 4 | B6: ۲۳ اسفند | C6: 0.97222222 | D6: خبر فوری | E6: سپاه: دشمن به صنایع غیرنظامی حمله می‌کند | F6: زیاد | G6: متوسط | H6: زیاد | I6: ↑ | J6: {=_xlfn.LET( _xlpm.mapL, منابع!$H$11:$H$15, _xlpm.mapN, منابع!$I$11:$I$15, _xlpm.C, _xlfn.XLOOKUP(F6,_xlpm.mapL,_xlpm.mapN,""), _xlpm.G, _xlfn.XLOOKUP(G6,_xlpm.mapL,_xlpm.mapN,""), _xlpm.S, _xlfn.XLOOKUP(H6,_xlpm.mapL,_xlpm.mapN,""), _xlpm.M, MAX(_xlpm.G,_xlpm.S), IF(_xlpm.C="","", IF(_xlpm.C<=2,"اطلاع‌رسانی نشود", IF(AND(_xlpm.C=3,_xlpm.M=5),"اطلاع‌رسانی شود", IF(AND(_xlpm.C>=4,_xlpm.M>=4),"اطلاع‌رسانی شود", IF(AND(_xlpm.C=5,_xlpm.G<=3,_xlpm.S<=3),"اطلاع‌رسانی نشود", "اطلاع‌رسانی نشود"))))))} -> اطلاع‌رسانی شود | K6: سپاه اعلام کرد آمریکا و اسرائیل پس از ناکامی نظامی، به هدف قرار دادن صنایع غیرنظامی روی آورده‌اند و به صنایع مرتبط با آمریکا در منطقه هشدار داد.
A7: 5 | B7: ۲۴ اسفند | C7: 0.0097222222 | D7: خبر فوری | E7: ادعای «پرچم دروغین» در حملات اربیل و کویت | F7: متوسط | G7: کم | H7: متوسط | I7: خنثی | J7: {=_xlfn.LET( _xlpm.mapL, منابع!$H$11:$H$15, _xlpm.mapN, منابع!$I$11:$I$15, _xlpm.C, _xlfn.XLOOKUP(F7,_xlpm.mapL,_xlpm.mapN,""), _xlpm.G, _xlfn.XLOOKUP(G7,_xlpm.mapL,_xlpm.mapN,""), _xlpm.S, _xlfn.XLOOKUP(H7,_xlpm.mapL,_xlpm.mapN,""), _xlpm.M, MAX(_xlpm.G,_xlpm.S), IF(_xlpm.C="","", IF(_xlpm.C<=2,"اطلاع‌رسانی نشود", IF(AND(_xlpm.C=3,_xlpm.M=5),"اطلاع‌رسانی شود", IF(AND(_xlpm.C>=4,_xlpm.M>=4),"اطلاع‌رسانی شود", IF(AND(_xlpm.C=5,_xlpm.G<=3,_xlpm.S<=3),"اطلاع‌رسانی نشود", "اطلاع‌رسانی نشود"))))))} -> اطلاع‌رسانی نشود | K7: یک منبع آگاه نظامی مدعی شد حملات پهپادی به پالایشگاه اربیل و رادار فرودگاه کویت توسط آمریکا یا اسرائیل و با هدف «پرچم دروغین» انجام شده و ارتباطی با ایران یا گروه‌های مقاومت ندارد.
A8: 6 | B8: ۲۴ اسفند | C8: 0.015277778 | D8: خبر فوری | E8: انفجارهایی در تهران، شیراز و کرمانشاه در شانزدهمین روز جنگ | F8: زیاد | G8: متوسط | H8: زیاد | I8: ↑ | J8: {=_xlfn.LET( _xlpm.mapL, منابع!$H$11:$H$15, _xlpm.mapN, منابع!$I$11:$I$15, _xlpm.C, _xlfn.XLOOKUP(F8,_xlpm.mapL,_xlpm.mapN,""), _xlpm.G, _xlfn.XLOOKUP(G8,_xlpm.mapL,_xlpm.mapN,""), _xlpm.S, _xlfn.XLOOKUP(H8,_xlpm.mapL,_xlpm.mapN,""), _xlpm.M, MAX(_xlpm.G,_xlpm.S), IF(_xlpm.C="","", IF(_xlpm.C<=2,"اطلاع‌رسانی نشود", IF(AND(_xlpm.C=3,_xlpm.M=5),"اطلاع‌رسانی شود", IF(AND(_xlpm.C>=4,_xlpm.M>=4),"اطلاع‌رسانی شود", IF(AND(_xlpm.C=5,_xlpm.G<=3,_xlpm.S<=3),"اطلاع‌رسانی نشود", "اطلاع‌رسانی نشود"))))))} -> اطلاع‌رسانی شود | K8: در شانزدهمین روز درگیری‌ها، گزارش‌هایی از شنیده شدن صدای انفجار در تهران، شیراز و کرمانشاه منتشر شد و در حمله به شهرک صنعتی طولای قشم نیز ۵ نفر مجروح شدند.
A9: 7 | B9: ۲۴ اسفند | C9: 0.038888889 | D9: خبر فوری | E9: سپاه: تنگه هرمز بسته نشده، تحت کنترل است | F9: زیاد | G9: متوسط | H9: زیاد | I9: ↑ | J9: {=_xlfn.LET( _xlpm.mapL, منابع!$H$11:$H$15, _xlpm.mapN, منابع!$I$11:$I$15, _xlpm.C, _xlfn.XLOOKUP(F9,_xlpm.mapL,_xlpm.mapN,""), _xlpm.G, _xlfn.XLOOKUP(G9,_xlpm.mapL,_xlpm.mapN,""), _xlpm.S, _xlfn.XLOOKUP(H9,_xlpm.mapL,_xlpm.mapN,""), _xlpm.M, MAX(_xlpm.G,_xlpm.S), IF(_xlpm.C="","", IF(_xlpm.C<=2,"اطلاع‌رسانی نشود", IF(AND(_xlpm.C=3,_xlpm.M=5),"اطلاع‌رسانی شود", IF(AND(_xlpm.C>=4,_xlpm.M>=4),"اطلاع‌رسانی شود", IF(AND(_xlpm.C=5,_xlpm.G<=3,_xlpm.S<=3),"اطلاع‌رسانی نشود", "اطلاع‌رسانی نشود"))))))} -> اطلاع‌رسانی شود | K9: فرمانده نیروی دریایی سپاه اعلام کرد تنگه هرمز هنوز به‌طور نظامی مسدود نشده و تنها تحت کنترل ایران قرار دارد.
A10: 8 | B10: ۲۴ اسفند | C10: 0.043055556 | D10: خبر فوری | E10: شنیده شدن دو انفجار در کرمانشاه در شامگاه شنبه | F10: متوسط | G10: کم | H10: زیاد | I10: ↑ | J10: {=_xlfn.LET( _xlpm.mapL, منابع!$H$11:$H$15, _xlpm.mapN, منابع!$I$11:$I$15, _xlpm.C, _xlfn.XLOOKUP(F10,_xlpm.mapL,_xlpm.mapN,""), _xlpm.G, _xlfn.XLOOKUP(G10,_xlpm.mapL,_xlpm.mapN,""), _xlpm.S, _xlfn.XLOOKUP(H10,_xlpm.mapL,_xlpm.mapN,""), _xlpm.M, MAX(_xlpm.G,_xlpm.S), IF(_xlpm.C="","", IF(_xlpm.C<=2,"اطلاع‌رسانی نشود", IF(AND(_xlpm.C=3,_xlpm.M=5),"اطلاع‌رسانی شود", IF(AND(_xlpm.C>=4,_xlpm.M>=4),"اطلاع‌رسانی شود", IF(AND(_xlpm.C=5,_xlpm.G<=3,_xlpm.S<=3),"اطلاع‌رسانی نشود", "اطلاع‌رسانی نشود"))))))} -> اطلاع‌رسانی نشود | K10: شامگاه شنبه صدای دو انفجار در برخی مناطق کرمانشاه شنیده شد؛ محل دقیق حادثه و میزان خسارت یا تلفات هنوز اعلام نشده است.
A11: 9 | B11: ۲۴ اسفند | C11: 0.12291667 | D11: خبر فوری | E11: عراقچی: تنگه هرمز برای کشتی‌های آمریکا و اسرائیل بسته است | F11: متوسط | G11: کم | H11: زیاد | I11: ↑ | J11: {=_xlfn.LET( _xlpm.mapL, منابع!$H$11:$H$15, _xlpm.mapN, منابع!$I$11:$I$15, _xlpm.C, _xlfn.XLOOKUP(F11,_xlpm.mapL,_xlpm.mapN,""), _xlpm.G, _xlfn.XLOOKUP(G11,_xlpm.mapL,_xlpm.mapN,""), _xlpm.S, _xlfn.XLOOKUP(H11,_xlpm.mapL,_xlpm.mapN,""), _xlpm.M, MAX(_xlpm.G,_xlpm.S), IF(_xlpm.C="","", IF(_xlpm.C<=2,"اطلاع‌رسانی نشود", IF(AND(_xlpm.C=3,_xlpm.M=5),"اطلاع‌رسانی شود", IF(AND(_xlpm.C>=4,_xlpm.M>=4),"اطلاع‌رسانی شود", IF(AND(_xlpm.C=5,_xlpm.G<=3,_xlpm.S<=3),"اطلاع‌رسانی نشود", "اطلاع‌رسانی نشود"))))))} -> اطلاع‌رسانی نشود | K11: وزیر خارجه اعلام کرد تنگه هرمز برای سایر کشورها باز است اما عبور کشتی‌ها و نفتکش‌های آمریکا و اسرائیل محدود شده و حمله به جزیره خارک نیز از خاک امارات انجام شده است.
A12: 10 | B12: ۲۴ اسفند | C12: 0.12847222 | D12: خبر فوری | E12: گزارش‌ها از انفجار در منامه و دبی | F12: زیاد | G12: متوسط | H12: زیاد | I12: خنثی | J12: {=_xlfn.LET( _xlpm.mapL, منابع!$H$11:$H$15, _xlpm.mapN, منابع!$I$11:$I$15, _xlpm.C, _xlfn.XLOOKUP(F12,_xlpm.mapL,_xlpm.mapN,""), _xlpm.G, _xlfn.XLOOKUP(G12,_xlpm.mapL,_xlpm.mapN,""), _xlpm.S, _xlfn.XLOOKUP(H12,_xlpm.mapL,_xlpm.mapN,""), _xlpm.M, MAX(_xlpm.G,_xlpm.S), IF(_xlpm.C="","", IF(_xlpm.C<=2,"اطلاع‌رسانی نشود", IF(AND(_xlpm.C=3,_xlpm.M=5),"اطلاع‌رسانی شود", IF(AND(_xlpm.C>=4,_xlpm.M>=4),"اطلاع‌رسانی شود", IF(AND(_xlpm.C=5,_xlpm.G<=3,_xlpm.S<=3),"اطلاع‌رسانی نشود", "اطلاع‌رسانی نشود"))))))} -> اطلاع‌رسانی شود | K12: منابع خبری از شنیده شدن صدای انفجارهای قوی در منامه بحرین و دبی خبر دادند و برخی گزارش‌ها این رویداد را با احتمال حملات جدید در منطقه مرتبط می‌دانند.
A13: 11 | B13: ۲۴ اسفند | C13: 0.13333333 | D13: خبر فوری | E13: ترامپ: با ایران توافق نمی‌کنم | F13: زیاد | G13: زیاد | H13: زیاد | I13: ↑ | J13: {=_xlfn.LET( _xlpm.mapL, منابع!$H$11:$H$15, _xlpm.mapN, منابع!$I$11:$I$15, _xlpm.C, _xlfn.XLOOKUP(F13,_xlpm.mapL,_xlpm.mapN,""), _xlpm.G, _xlfn.XLOOKUP(G13,_xlpm.mapL,_xlpm.mapN,""), _xlpm.S, _xlfn.XLOOKUP(H13,_xlpm.mapL,_xlpm.mapN,""), _xlpm.M, MAX(_xlpm.G,_xlpm.S), IF(_xlpm.C="","", IF(_xlpm.C<=2,"اطلاع‌رسانی نشود", IF(AND(_xlpm.C=3,_xlpm.M=5),"اطلاع‌رسانی شود", IF(AND(_xlpm.C>=4,_xlpm.M>=4),"اطلاع‌رسانی شود", IF(AND(_xlpm.C=5,_xlpm.G<=3,_xlpm.S<=3),"اطلاع‌رسانی نشود", "اطلاع‌رسانی نشود"))))))} -> اطلاع‌رسانی شود | K13: ترامپ در گفت‌وگو با NBC اعلام کرد فعلاً قصد توافق با ایران را ندارد و مدعی شد حملات آمریکا جزیره خارک را «تقریباً به طور کامل ویران» کرده است.
A14: 12 | B14: ۲۴ اسفند | C14: 0.24583333 | D14: خبر فوری | E14: ارتش اسرائیل: جنگ با ایران تا آوریل ادامه دارد | F14: زیاد | G14: زیاد | H14: زیاد | I14: ↓ | J14: {=_xlfn.LET( _xlpm.mapL, منابع!$H$11:$H$15, _xlpm.mapN, منابع!$I$11:$I$15, _xlpm.C, _xlfn.XLOOKUP(F14,_xlpm.mapL,_xlpm.mapN,""), _xlpm.G, _xlfn.XLOOKUP(G14,_xlpm.mapL,_xlpm.mapN,""), _xlpm.S, _xlfn.XLOOKUP(H14,_xlpm.mapL,_xlpm.mapN,""), _xlpm.M, MAX(_xlpm.G,_xlpm.S), IF(_xlpm.C="","", IF(_xlpm.C<=2,"اطلاع‌رسانی نشود", IF(AND(_xlpm.C=3,_xlpm.M=5),"اطلاع‌رسانی شود", IF(AND(_xlpm.C>=4,_xlpm.M>=4),"اطلاع‌رسانی شود", IF(AND(_xlpm.C=5,_xlpm.G<=3,_xlpm.S<=3),"اطلاع‌رسانی نشود", "اطلاع‌رسانی نشود"))))))} -> اطلاع‌رسانی شود | K14: رئیس ستاد کل ارتش اسرائیل در جلسه‌ای با فرماندهان نظامی اعلام کرد برآورد ارتش این است که جنگ با ایران دست‌کم تا ماه آوریل ادامه پیدا کند.
... A160: 158 | B160: ۲۷ اسفند | C160: 0.017361111 | D160: مشرق نیوز | E160: تایید شهادت علی لاریجانی، دبیر شورای عالی امنیت ملی | F160: زیاد | G160: متوسط | H160: زیاد | I160: ↑ | J160: {=_xlfn.LET( _xlpm.mapL, منابع!$H$11:$H$15, _xlpm.mapN, منابع!$I$11:$I$15, _xlpm.C, _xlfn.XLOOKUP(F160,_xlpm.mapL,_xlpm.mapN,""), _xlpm.G, _xlfn.XLOOKUP(G160,_xlpm.mapL,_xlpm.mapN,""), _xlpm.S, _xlfn.XLOOKUP(H160,_xlpm.mapL,_xlpm.mapN,""), _xlpm.M, MAX(_xlpm.G,_xlpm.S), IF(_xlpm.C="","", IF(_xlpm.C<=2,"اطلاع‌رسانی نشود", IF(AND(_xlpm.C=3,_xlpm.M=5),"اطلاع‌رسانی شود", IF(AND(_xlpm.C>=4,_xlpm.M>=4),"اطلاع‌رسانی شود", IF(AND(_xlpm.C=5,_xlpm.G<=3,_xlpm.S<=3),"اطلاع‌رسانی نشود", "اطلاع‌رسانی نشود"))))))} -> اطلاع‌رسانی شود | K160: دبیرخانه شورای عالی امنیت ملی از شهادت علی لاریجانی، فرزندش و چند تن از همراهان در حمله تروریستی خبر داد.
A161: 159 | J161: {=_xlfn.LET( _xlpm.mapL, منابع!$H$11:$H$15, _xlpm.mapN, منابع!$I$11:$I$15, _xlpm.C, _xlfn.XLOOKUP(F161,_xlpm.mapL,_xlpm.mapN,""), _xlpm.G, _xlfn.XLOOKUP(G161,_xlpm.mapL,_xlpm.mapN,""), _xlpm.S, _xlfn.XLOOKUP(H161,_xlpm.mapL,_xlpm.mapN,""), _xlpm.M, MAX(_xlpm.G,_xlpm.S), IF(_xlpm.C="","", IF(_xlpm.C<=2,"اطلاع‌رسانی نشود", IF(AND(_xlpm.C=3,_xlpm.M=5),"اطلاع‌رسانی شود", IF(AND(_xlpm.C>=4,_xlpm.M>=4),"اطلاع‌رسانی شود", IF(AND(_xlpm.C=5,_xlpm.G<=3,_xlpm.S<=3),"اطلاع‌رسانی نشود", "اطلاع‌رسانی نشود"))))))}
A162: 160 | J162: {=_xlfn.LET( _xlpm.mapL, منابع!$H$11:$H$15, _xlpm.mapN, منابع!$I$11:$I$15, _xlpm.C, _xlfn.XLOOKUP(F162,_xlpm.mapL,_xlpm.mapN,""), _xlpm.G, _xlfn.XLOOKUP(G162,_xlpm.mapL,_xlpm.mapN,""), _xlpm.S, _xlfn.XLOOKUP(H162,_xlpm.mapL,_xlpm.mapN,""), _xlpm.M, MAX(_xlpm.G,_xlpm.S), IF(_xlpm.C="","", IF(_xlpm.C<=2,"اطلاع‌رسانی نشود", IF(AND(_xlpm.C=3,_xlpm.M=5),"اطلاع‌رسانی شود", IF(AND(_xlpm.C>=4,_xlpm.M>=4),"اطلاع‌رسانی شود", IF(AND(_xlpm.C=5,_xlpm.G<=3,_xlpm.S<=3),"اطلاع‌رسانی نشود", "اطلاع‌رسانی نشود"))))))}
A163: 161 | J163: {=_xlfn.LET( _xlpm.mapL, منابع!$H$11:$H$15, _xlpm.mapN, منابع!$I$11:$I$15, _xlpm.C, _xlfn.XLOOKUP(F163,_xlpm.mapL,_xlpm.mapN,""), _xlpm.G, _xlfn.XLOOKUP(G163,_xlpm.mapL,_xlpm.mapN,""), _xlpm.S, _xlfn.XLOOKUP(H163,_xlpm.mapL,_xlpm.mapN,""), _xlpm.M, MAX(_xlpm.G,_xlpm.S), IF(_xlpm.C="","", IF(_xlpm.C<=2,"اطلاع‌رسانی نشود", IF(AND(_xlpm.C=3,_xlpm.M=5),"اطلاع‌رسانی شود", IF(AND(_xlpm.C>=4,_xlpm.M>=4),"اطلاع‌رسانی شود", IF(AND(_xlpm.C=5,_xlpm.G<=3,_xlpm.S<=3),"اطلاع‌رسانی نشود", "اطلاع‌رسانی نشود"))))))}
A164: 162 | J164: {=_xlfn.LET( _xlpm.mapL, منابع!$H$11:$H$15, _xlpm.mapN, منابع!$I$11:$I$15, _xlpm.C, _xlfn.XLOOKUP(F164,_xlpm.mapL,_xlpm.mapN,""), _xlpm.G, _xlfn.XLOOKUP(G164,_xlpm.mapL,_xlpm.mapN,""), _xlpm.S, _xlfn.XLOOKUP(H164,_xlpm.mapL,_xlpm.mapN,""), _xlpm.M, MAX(_xlpm.G,_xlpm.S), IF(_xlpm.C="","", IF(_xlpm.C<=2,"اطلاع‌رسانی نشود", IF(AND(_xlpm.C=3,_xlpm.M=5),"اطلاع‌رسانی شود", IF(AND(_xlpm.C>=4,_xlpm.M>=4),"اطلاع‌رسانی شود", IF(AND(_xlpm.C=5,_xlpm.G<=3,_xlpm.S<=3),"اطلاع‌رسانی نشود", "اطلاع‌رسانی نشود"))))))}
A165: 163 | J165: {=_xlfn.LET( _xlpm.mapL, منابع!$H$11:$H$15, _xlpm.mapN, منابع!$I$11:$I$15, _xlpm.C, _xlfn.XLOOKUP(F165,_xlpm.mapL,_xlpm.mapN,""), _xlpm.G, _xlfn.XLOOKUP(G165,_xlpm.mapL,_xlpm.mapN,""), _xlpm.S, _xlfn.XLOOKUP(H165,_xlpm.mapL,_xlpm.mapN,""), _xlpm.M, MAX(_xlpm.G,_xlpm.S), IF(_xlpm.C="","", IF(_xlpm.C<=2,"اطلاع‌رسانی نشود", IF(AND(_xlpm.C=3,_xlpm.M=5),"اطلاع‌رسانی شود", IF(AND(_xlpm.C>=4,_xlpm.M>=4),"اطلاع‌رسانی شود", IF(AND(_xlpm.C=5,_xlpm.G<=3,_xlpm.S<=3),"اطلاع‌رسانی نشود", "اطلاع‌رسانی نشود"))))))}
A166: 164 | J166: {=_xlfn.LET( _xlpm.mapL, منابع!$H$11:$H$15, _xlpm.mapN, منابع!$I$11:$I$15, _xlpm.C, _xlfn.XLOOKUP(F166,_xlpm.mapL,_xlpm.mapN,""), _xlpm.G, _xlfn.XLOOKUP(G166,_xlpm.mapL,_xlpm.mapN,""), _xlpm.S, _xlfn.XLOOKUP(H166,_xlpm.mapL,_xlpm.mapN,""), _xlpm.M, MAX(_xlpm.G,_xlpm.S), IF(_xlpm.C="","", IF(_xlpm.C<=2,"اطلاع‌رسانی نشود", IF(AND(_xlpm.C=3,_xlpm.M=5),"اطلاع‌رسانی شود", IF(AND(_xlpm.C>=4,_xlpm.M>=4),"اطلاع‌رسانی شود", IF(AND(_xlpm.C=5,_xlpm.G<=3,_xlpm.S<=3),"اطلاع‌رسانی نشود", "اطلاع‌رسانی نشود"))))))}
A167: 165 | J167: {=_xlfn.LET( _xlpm.mapL, منابع!$H$11:$H$15, _xlpm.mapN, منابع!$I$11:$I$15, _xlpm.C, _xlfn.XLOOKUP(F167,_xlpm.mapL,_xlpm.mapN,""), _xlpm.G, _xlfn.XLOOKUP(G167,_xlpm.mapL,_xlpm.mapN,""), _xlpm.S, _xlfn.XLOOKUP(H167,_xlpm.mapL,_xlpm.mapN,""), _xlpm.M, MAX(_xlpm.G,_xlpm.S), IF(_xlpm.C="","", IF(_xlpm.C<=2,"اطلاع‌رسانی نشود", IF(AND(_xlpm.C=3,_xlpm.M=5),"اطلاع‌رسانی شود", IF(AND(_xlpm.C>=4,_xlpm.M>=4),"اطلاع‌رسانی شود", IF(AND(_xlpm.C=5,_xlpm.G<=3,_xlpm.S<=3),"اطلاع‌رسانی نشود", "اطلاع‌رسانی نشود"))))))}
A168: 166 | J168: {=_xlfn.LET( _xlpm.mapL, منابع!$H$11:$H$15, _xlpm.mapN, منابع!$I$11:$I$15, _xlpm.C, _xlfn.XLOOKUP(F168,_xlpm.mapL,_xlpm.mapN,""), _xlpm.G, _xlfn.XLOOKUP(G168,_xlpm.mapL,_xlpm.mapN,""), _xlpm.S, _xlfn.XLOOKUP(H168,_xlpm.mapL,_xlpm.mapN,""), _xlpm.M, MAX(_xlpm.G,_xlpm.S), IF(_xlpm.C="","", IF(_xlpm.C<=2,"اطلاع‌رسانی نشود", IF(AND(_xlpm.C=3,_xlpm.M=5),"اطلاع‌رسانی شود", IF(AND(_xlpm.C>=4,_xlpm.M>=4),"اطلاع‌رسانی شود", IF(AND(_xlpm.C=5,_xlpm.G<=3,_xlpm.S<=3),"اطلاع‌رسانی نشود", "اطلاع‌رسانی نشود"))))))}
A169: 167 | J169: {=_xlfn.LET( _xlpm.mapL, منابع!$H$11:$H$15, _xlpm.mapN, منابع!$I$11:$I$15, _xlpm.C, _xlfn.XLOOKUP(F169,_xlpm.mapL,_xlpm.mapN,""), _xlpm.G, _xlfn.XLOOKUP(G169,_xlpm.mapL,_xlpm.mapN,""), _xlpm.S, _xlfn.XLOOKUP(H169,_xlpm.mapL,_xlpm.mapN,""), _xlpm.M, MAX(_xlpm.G,_xlpm.S), IF(_xlpm.C="","", IF(_xlpm.C<=2,"اطلاع‌رسانی نشود", IF(AND(_xlpm.C=3,_xlpm.M=5),"اطلاع‌رسانی شود", IF(AND(_xlpm.C>=4,_xlpm.M>=4),"اطلاع‌رسانی شود", IF(AND(_xlpm.C=5,_xlpm.G<=3,_xlpm.S<=3),"اطلاع‌رسانی نشود", "اطلاع‌رسانی نشود"))))))}
A170: 168 | J170: {=_xlfn.LET( _xlpm.mapL, منابع!$H$11:$H$15, _xlpm.mapN, منابع!$I$11:$I$15, _xlpm.C, _xlfn.XLOOKUP(F170,_xlpm.mapL,_xlpm.mapN,""), _xlpm.G, _xlfn.XLOOKUP(G170,_xlpm.mapL,_xlpm.mapN,""), _xlpm.S, _xlfn.XLOOKUP(H170,_xlpm.mapL,_xlpm.mapN,""), _xlpm.M, MAX(_xlpm.G,_xlpm.S), IF(_xlpm.C="","", IF(_xlpm.C<=2,"اطلاع‌رسانی نشود", IF(AND(_xlpm.C=3,_xlpm.M=5),"اطلاع‌رسانی شود", IF(AND(_xlpm.C>=4,_xlpm.M>=4),"اطلاع‌رسانی شود", IF(AND(_xlpm.C=5,_xlpm.G<=3,_xlpm.S<=3),"اطلاع‌رسانی نشود", "اطلاع‌رسانی نشود"))))))}
A171: 169 | J171: {=_xlfn.LET( _xlpm.mapL, منابع!$H$11:$H$15, _xlpm.mapN, منابع!$I$11:$I$15, _xlpm.C, _xlfn.XLOOKUP(F171,_xlpm.mapL,_xlpm.mapN,""), _xlpm.G, _xlfn.XLOOKUP(G171,_xlpm.mapL,_xlpm.mapN,""), _xlpm.S, _xlfn.XLOOKUP(H171,_xlpm.mapL,_xlpm.mapN,""), _xlpm.M, MAX(_xlpm.G,_xlpm.S), IF(_xlpm.C="","", IF(_xlpm.C<=2,"اطلاع‌رسانی نشود", IF(AND(_xlpm.C=3,_xlpm.M=5),"اطلاع‌رسانی شود", IF(AND(_xlpm.C>=4,_xlpm.M>=4),"اطلاع‌رسانی شود", IF(AND(_xlpm.C=5,_xlpm.G<=3,_xlpm.S<=3),"اطلاع‌رسانی نشود", "اطلاع‌رسانی نشود"))))))}
A172: 170 | J172: {=_xlfn.LET( _xlpm.mapL, منابع!$H$11:$H$15, _xlpm.mapN, منابع!$I$11:$I$15, _xlpm.C, _xlfn.XLOOKUP(F172,_xlpm.mapL,_xlpm.mapN,""), _xlpm.G, _xlfn.XLOOKUP(G172,_xlpm.mapL,_xlpm.mapN,""), _xlpm.S, _xlfn.XLOOKUP(H172,_xlpm.mapL,_xlpm.mapN,""), _xlpm.M, MAX(_xlpm.G,_xlpm.S), IF(_xlpm.C="","", IF(_xlpm.C<=2,"اطلاع‌رسانی نشود", IF(AND(_xlpm.C=3,_xlpm.M=5),"اطلاع‌رسانی شود", IF(AND(_xlpm.C>=4,_xlpm.M>=4),"اطلاع‌رسانی شود", IF(AND(_xlpm.C=5,_xlpm.G<=3,_xlpm.S<=3),"اطلاع‌رسانی نشود", "اطلاع‌رسانی نشود"))))))}
... A303: 301 | J303: {=_xlfn.LET( _xlpm.mapL, منابع!$H$11:$H$15, _xlpm.mapN, منابع!$I$11:$I$15, _xlpm.C, _xlfn.XLOOKUP(F303,_xlpm.mapL,_xlpm.mapN,""), _xlpm.G, _xlfn.XLOOKUP(G303,_xlpm.mapL,_xlpm.mapN,""), _xlpm.S, _xlfn.XLOOKUP(H303,_xlpm.mapL,_xlpm.mapN,""), _xlpm.M, MAX(_xlpm.G,_xlpm.S), IF(_xlpm.C="","", IF(_xlpm.C<=2,"اطلاع‌رسانی نشود", IF(AND(_xlpm.C=3,_xlpm.M=5),"اطلاع‌رسانی شود", IF(AND(_xlpm.C>=4,_xlpm.M>=4),"اطلاع‌رسانی شود", IF(AND(_xlpm.C=5,_xlpm.G<=3,_xlpm.S<=3),"اطلاع‌رسانی نشود", "اطلاع‌رسانی نشود"))))))}

Sheet تحلیل اثر
A1: شناسه خبر | B1: تاریخ | C1: تیتر خلاصه | D1: نوع اثر (اقتصادی / امنیتی / سیاسی / روانی بازار) | E1: جهت اثر بر دلار | F1: جهت اثر بر طلا | G1: جهت اثر بر نفت | H1: سطح اطمینان (۱ تا 10) | I1: یادداشت

Sheet کلید واژه ها
B2: دسته | C2: کلیدواژه‌ها | D2: توضیح
B3: شاخص‌های مالی و اقتصادی | C3: دلار، طلا، نفت، نرخ ارز، نرخ بهره، بانک مرکزی، تورم، سکه، ریال، حقوق پایه، مالیات، بودجه، صادرات، واردات، یارانه، قیمت‌گذاری، ذخایر ارزی، بازار آزاد، تورم ، نرخ رسمی، نقدینگی ، پیش‌فروش، مجوز واردات، افزایش قیمت کالاهای اساسی، کاهش مالیات، کالابرگ، تحریم، عوارض، تعرفه، بورس کالا، کنترل بانکی، تسهیلات، رمز ارز | D3: اخبار مستقیم درباره شاخص‌های اقتصادی و بازارهای مالی که بر طلا اثر گذار است
B5: امنیت و ژئوپولیتیک | C5: جنگ، صلح، حمله، تهدید، درگیری، انفجار، بمب، موشک، پهپاد، رزمایش، توقیف نفتکش، ناو، تنگه هرمز، حمله سایبری، ترور، آشوب، ناآرامی، امنیت مرز، آتش‌بس، میانجی‌گری، تحریم تسلیحاتی | D5: اخبار مربوط به وضعیت امنیت

Sheet منابع
A1: منبع | B1: لینک | C1: جامعیت/ویژگی | D1: سوگیری | E1: زبان
A2: خبرفوری | B2: https://t.me/akhbarefori | C2: جامع/پرمخاطب/پر ویو / ری‌اکشن دار | D2: موافق+ | E2: فارسی | M2: خیلی کم | N2: ↓ | O2: کاهش خیلی کم
A3: خبر فوری جنگ | B3: https://t.me/FO_RK | C3: جامع/ پرمخاطب ترین | D3: بیطرف | E3: فارسی | M3: خیلی کم | N3: ↑ | O3: افزایش خیلی کم
A4: ایسنا | B4: https://t.me/isna94 | C4: جامع / رسمی | D4: موافق | E4: فارسی | M4: خیلی کم | N4: خنثی | O4: بدون تاثیر
A5: فارس | B5: https://t.me/farsna | C5: جامع / رسمی | D5: موافق++ | E5: فارسی | M5: خیلی کم | N5: نامطمئن | O5: کاهش یا افزایش خیلی کم
A6: اقتصاد آنلاین | B6: https://t.me/eghtesadonline | C6: اقتصادی | E6: فارسی | H6: گذشته مطمئن | I6: 4 | K6: خیلی کم | L6: 1 | M6: کم | N6: ↓ | O6: کمی کاهش
A7: اکو ایران | B7: https://t.me/ecoiran_webtv | C7: اقتصادی | D7: بیطرف | E7: فارسی | H7: گذشته نامطمئن | I7: 2 | K7: کم | L7: 1.1 | M7: کم | N7: ↑ | O7: کمی افزایش
A8: واچر گرو | B8: https://t.me/WatcherGuru | C8: رمز ارز/ اقتصادی | E8: انگلیسی | H8: آینده مطمئن | I8: 3 | K8: متوسط | L8: 9 | M8: کم | N8: خنثی | O8: بدون تاثیر
A9: صبح صادق | B9: https://t.me/Sobhesadeg_ir | C9: نظامی سیاسی | E9: فارسی | H9: آینده نامطمئن | I9: 1 | K9: زیاد | L9: 90 | M9: کم | N9: نامطمئن | O9: کاهش یا افزایش کم
A10: اخبار جهادی | B10: https://t.me/akhbarjahadi | C10: نظامی سیاسی | E10: فارسی | K10: خیلی زیاد | L10: 100 | M10: متوسط | N10: ↓ | O10: کاهش متوسط
A11: BBC فارسی | B11: https://t.me/bbcpersian | C11: جامع | D11: مخالف | E11: فارسی | H11: خیلی کم | I11: 1 | M11: متوسط | N11: ↑ | O11: افزایش متوسط
A12: قناه الجزیره | B12: https://t.me/AjaNews | C12: بین المللی/ جامع | E12: عربی | H12: کم | I12: 2 | M12: متوسط | N12: خنثی | O12: بدون تاثیر
A13: المیادین | B13: https://t.me/almayadeen | C13: بین المللی/ جامع | E13: عربی | H13: متوسط | I13: 3 | M13: متوسط | N13: نامطمئن | O13: کاهش یا افزایش متوسط
A14: MES | B14: https://t.me/Middle_East_Spectator | C14: خاور میانه | E14: انگلیسی | H14: زیاد | I14: 4 | M14: زیاد | N14: ↓ | O14: کاهش زیاد
A15: realDonaldTrump | B15: https://x.com/realDonaldTrump | C15: بین المللی/ جامع | E15: انگلیسی | H15: خیلی زیاد | I15: 5 | M15: زیاد | N15: ↑ | O15: افزایش زیاد
A16: netanyahu | B16: https://x.com/netanyahu | C16: بین المللی/ جامع | E16: عبری | M16: زیاد | N16: خنثی | O16: بدون تاثیر
A17: WhiteHouse | B17: https://x.com/WhiteHouse | C17: بین المللی/ جامع | E17: انگلیسی | G17: خیلی کم | H17: کم | I17: متوسط | J17: زیاد | K17: خیلی زیاد | M17: زیاد | N17: نامطمئن | O17: کاهش یا افزایش زیاد
A18: CnnPersiann | B18: https://x.com/CnnPersiann | C18: بین المللی/ جامع | E18: انگلیسی | G18: 1 | H18: 1.1 | I18: 9 | J18: 90 | K18: 100 | M18: خیلی زیاد | N18: ↓ | O18: کاهش خیلی زیاد
A19: aljazeera | B19: https://www.aljazeera.com/ | C19: خاور میانه | E19: انگلیسی | M19: خیلی زیاد | N19: ↑ | O19: افزایش خیلی زیاد
A20: MiddleEastEye | B20: https://t.me/MiddleEastEye_TG | C20: خاور میانه | E20: انگلیسی | M20: خیلی زیاد | N20: خنثی | O20: بدون تاثیر
A21: caronline | B21: @caronline | C21: خاور میانه | E21: فارسی | M21: خیلی زیاد | N21: نامطمئن | O21: کاهش یا افزایش خیلی زیاد
A22: توییتر بورس | B22: https://t.me/twitter_bourse | C22: جامع | E22: فارسی
D33: خیلی کم | E33: کم | F33: متوسط | G33: زیاد | H33: خیلی زیاد
C34: خیلی کم
C35: کم
C36: متوسط
C37: زیاد
C38: خیلی زیاد
D44: 1 | E44: 1.1 | F44: 9 | G44: 90 | H44: 100
B46: 1 | C46: خیلی کم | D46: =D$44*B46 -> 1 | E46: =E$44*B46 -> 1.1 | F46: =F$44*B46 -> 9 | G46: =G$44*B46 -> 90 | H46: =H$44*B46 -> 100
B47: 1.1 | C47: کم | D47: =D$44*B47 -> 1.1 | E47: =E$44*B47 -> 1.21 | F47: =F$44*B47 -> 9.9 | G47: =G$44*B47 -> 99 | H47: =H$44*B47 -> 110
B48: 9 | C48: متوسط | D48: =D$44*B48 -> 9 | E48: =E$44*B48 -> 9.9 | F48: =F$44*B48 -> 81 | G48: =G$44*B48 -> 810 | H48: =H$44*B48 -> 900
B49: 90 | C49: زیاد | D49: =D$44*B49 -> 90 | E49: =E$44*B49 -> 99 | F49: =F$44*B49 -> 810 | G49: =G$44*B49 -> 8100 | H49: =H$44*B49 -> 9000
B50: 100 | C50: خیلی زیاد | D50: =D$44*B50 -> 100 | E50: =E$44*B50 -> 110 | F50: =F$44*B50 -> 900 | G50: =G$44*B50 -> 9000 | H50: =H$44*B50 -> 10000
C53: خیلی کم | D53: =D46*D$44 -> 1 | E53: =E46*E$44 -> 1.21 | F53: =F46*F$44 -> 81 | G53: =G46*G$44 -> 8100 | H53: =H46*H$44 -> 10000
C54: کم | D54: =D47*D$44 -> 1.1 | E54: =E47*E$44 -> 1.331 | F54: =F47*F$44 -> 89.1 | G54: =G47*G$44 -> 8910 | H54: =H47*H$44 -> 11000
C55: متوسط | D55: =D48*D$44 -> 9 | E55: =E48*E$44 -> 10.89 | F55: =F48*F$44 -> 729 | G55: =G48*G$44 -> 72900 | H55: =H48*H$44 -> 90000
C56: زیاد | D56: =D49*D$44 -> 90 | E56: =E49*E$44 -> 108.9 | F56: =F49*F$44 -> 7290 | G56: =G49*G$44 -> 729000 | H56: =H49*H$44 -> 900000
C57: خیلی زیاد | D57: =D50*D$44 -> 100 | E57: =E50*E$44 -> 121 | F57: =F50*F$44 -> 8100 | G57: =G50*G$44 -> 810000 | H57: =H50*H$44 -> 1000000
